Accession,Status,Has_Results,SubmissionDate,Title,Is_Blood,Is_CellLine
PXD064297,Cell Line,Not Checked,2025-05-26,Labelfree proteomics in Extracellular vesicles from human microglia cells,False,True
PXD062469,Cell Line,Not Checked,2025-04-01,The ceramide-dependent EV secretome differentially affects prostate cancer cell migration,False,True
PXD062276,Cell Line,Not Checked,2025-03-27,Comprehensive Proteomic Profiling of Breast Cancer-Derived Small Extracellular Vesicles Unveiled PXDN and GGT5 as Novel Protein Markers Implicated in Oncogenic Signaling Networks,False,True
PXD061889,High Priority (Blood),True,2025-03-16,The Multiomics Landscape of Plasma Exosomes in First-Episode Drug-Naïve of Schizophrenia,True,False
PXD061828,Cell Line,Not Checked,2025-03-14,Familial Alzheimer disease mutation in SORL1 impairs release of neurotrophic extracellular vesicles by microglia,False,True
PXD059885,Mixed/Unsure,True,2025-01-16,SILAC-Based Characterization of Plasma-Derived Extracellular Vesicles in Patients Undergoing Partial Hepatectomy,True,True
PXD058992,Mixed/Unsure,True,2024-12-18,Optimized Method for Cell Surface Protein Identification on Primary B-Cell Precursor Acute Lymphoblastic Leukemia Cells,True,True
PXD056161,Cell Line,Not Checked,2024-09-24,Metabolomic and Proteomic Analysis of Breast Cancer Exosomes Reveals Alterations in Purine and Carnitine Metabolism,False,True
PXD055250,Cell Line,Not Checked,2024-08-27,The exosomal CD44 from bronchoalveolar lavage fluid as a biomarker for pulmonary fibrosis in diffuse parenchymal lung diseases,False,True
PXD052445,High Priority (Blood),False,2024-05-21,Proteomic analysis and functional validation reveal distinct therapeutic capabilities related to priming of mesenchymal stromal/stem cells with IFN-γ and hypoxia: potential  implications for their clinical use,True,False
PXD051500,Cell Line,Not Checked,2024-04-16,Proteomics of 58 platinum-sensitive and 30 platinum-resistant ovarian cancer tissue-derived exosomes,False,True
PXD051234,MaxQuant (Other),Not Checked,2024-04-06,"Ascites Exosomes from Epithelial Ovarian Cancer Patients Contain ITGA3, Which Promotes the Migration of Epithelial Ovarian Cancer Cell",False,False
PXD051130,Cell Line,Not Checked,2024-04-01,Netrin-1 engineered endothelial cell exosomes induce the formation of pre-regenerative niche to accelerate peripheral nerve repair,False,True
PXD050589,High Priority (Blood),False,2024-03-13,"Proteomic Profiling of Cerebrospinal Fluid and its EVs from Extraventricular Drainage in Pediatric Pilocytic Astrocytoma, Towards Precision Oncology",True,False
PXD050049,High Priority (Blood),False,2024-02-23,"Proteomic studies of human placentas reveal partnerships associated with preeclampsia, diabetes, gravidity, and labor",True,False
PXD049036,High Priority (Blood),False,2024-01-31,FACS-Proteomics strategy toward Extracellular Vesicles single-phenotype characterization in biological fluids: insights into the role of Leukocyte-derived EVs in Multiple Sclerosis,True,False
PXD048870,MaxQuant (Other),Not Checked,2024-01-25,Identifying cellular RNA-binding proteins during infection uncovers a role for MKRN2 in influenza mRNA trafficking.,False,False
PXD048498,MaxQuant (Other),Not Checked,2024-01-12,Proteomic profiling of extracellular vesicle in A549 cells under oxidative stress,False,False
PXD047650,Cell Line,Not Checked,2023-12-08,Evaluation of secretomes derived from human dermal and adipose tissue mesenchymal stem/stromal cells for skin wound healing: Not as effective as cells,False,True
PXD047470,High Priority (Blood),False,2023-12-03,Proteomics profiling of tumor-derived extracellular vesicles for triple-negative breast cancer,True,False
PXD047328,Mixed/Unsure,True,2023-11-28,Extracellular vesicles secreted by 3D tumor organoids are enriched for immune regulatory signaling biomolecules compared to conventional 2D glioblastoma cell systems,True,True
PXD046955,Cell Line,Not Checked,2023-11-14,Human SKI component SKIV2L regulates telomeric DNA-RNA hybrids and prevents telomere fragility,False,True
PXD046846,Mixed/Unsure,False,2023-11-10,CD99 modulates the proteomic landscape of Ewing sarcoma cells and related-extracellular vesicles.,True,True
PXD046189,High Priority (Blood),True,2023-10-17,Feasibility of phosphoproteomics to uncover oncogenic signalling in secreted extracellular vesicles using glioblastoma-EGFRVIII cells as a model,True,False
PXD045842,MaxQuant (Other),Not Checked,2023-10-01,Dual agonistic and antagonistic roles of ZC3H18 provides for co-activation of distinct nuclear RNA decay pathways,False,False
PXD045362,Mixed/Unsure,False,2023-09-13,"Benefits of FAIMS to improve the proteome coverage of deteri-orated, and/or cross-linked TMT 10-plex FFPE tissue and plas-ma-derived exosomes samples",True,True
PXD045367,Mixed/Unsure,False,2023-09-13,"Benefits of FAIMS to improve the proteome coverage of deteriorated, and/or cross-linked TMT 10-plex FFPE tissue and plas-ma-derived exosomes samples",True,True
PXD044446,Cell Line,Not Checked,2023-08-08,The MYCN oncoprotein is an RNA-binding protein that promotes nascent RNA turnover via the NEXT targeting complex of the nuclear exosome,False,True
PXD044245,MaxQuant (Other),Not Checked,2023-08-01,PVRL2 suppresses anti-tumor immunity through PVRIG- and TIGIT-independent pathways,False,False
PXD043874,Cell Line,Not Checked,2023-07-18,Elucidation of urinary extracellular vesicle protein signatures from patients with cribriform and intraductal prostate carcinoma,False,True
PXD043840,MaxQuant (Other),Not Checked,2023-07-17,Identification of Novel Scaffold Proteins for Improved Endogenous Engineering of Extracellular Vesicles,False,False
PXD043581,Mixed/Unsure,False,2023-07-06,A proteomic-based approach identifies the NEDD4-adaptor NDFIP2 as an important regulator of IFITM3,True,True
PXD042940,Cell Line,Not Checked,2023-06-15,"Proteomic analysis of extracellular vesicle released by MCF7 cells in the absence of the tetraspanins CD9, CD81 or CD63",False,True
PXD042597,Mixed/Unsure,False,2023-06-01,Benefits of FAIMS to improve the proteome coverage of hard-to-analyze TMT 10-plex FFPE tissue and plasma-derived exosomes samples,True,True
PXD042596,Mixed/Unsure,False,2023-06-01,Benefits of FAIMS to improve the proteome coverage of hard-to-analyze TMT 10-plex FFPE tissue and plasma-derived exosomes samples,True,True
PXD042601,Mixed/Unsure,False,2023-06-01,Benefits of FAIMS to improve the proteome coverage of hard-to-analyze TMT 10-plex FFPE tissue and plasma-derived exosomes samples,True,True
PXD042543,High Priority (Blood),False,2023-05-30,Screening of exosome-derived proteins and their potential as biomarkers to diagnostic and prognostic for pancreatic cancer,True,False
PXD042422,High Priority (Blood),False,2023-05-23,Plasma-derived exosome proteins as novel diagnostic and prognostic biomarkers in neuroblastoma patients,True,False
PXD042379,High Priority (Blood),False,2023-05-22,Proteomics of plasma and plasma-treated podocytes: application to focal and segmental glomerulosclerosis,True,False
PXD041529,Cell Line,Not Checked,2023-04-14,Extracellular vesicle subtypes from human colorectal cancer cell lines,False,True
PXD041139,Mixed/Unsure,False,2023-03-28,Proteomic analysis reveals insufficient folliculogenesis in Aging Female associates with infertility,True,True
PXD041028,High Priority (Blood),True,2023-03-22,HIV-1 Nef changes the proteome of T cells extracellular vesicles,True,False
PXD040958,MaxQuant (Other),Not Checked,2023-03-18,Proteomic analysis of small Extracellular vesicles in control cells and SNAP-depleted cells,False,False
PXD040935,MaxQuant (Other),Not Checked,2023-03-17,Distinct microRNA and protein profiles of extracellular vesicles secreted from myotubes from morbidly obese donors with type 2 diabetes in response to electrical pulse stimulation,False,False
PXD040865,Mixed/Unsure,False,2023-03-14,Ceramide-dependent vesicle secretion modulates the integrated stress response in hematopoietic stem cells,True,True
PXD040470,Cell Line,Not Checked,2023-02-27,Proteomics Analysis of Extracellular Vesicles from In Vitro Models of the Human Airway.,False,True
PXD038850,Cell Line,Not Checked,2022-12-15,PRODUCT CHARACTERIZATION AND PRECLINICAL SAFETY OF UMBILICAL CORD MESENCHYMAL STROMAL CELL-DERIVED SMALL EXTRACELLULAR VESICLES,False,True
PXD038587,MaxQuant (Other),Not Checked,2022-12-06,Lung Cancer Exosomes Hypoxic v Normoxic,False,False
PXD038518,Cell Line,Not Checked,2022-12-02,Whole proteome and transcriptome analysis of cancer-derived extracellular vesicles overlap in specific pathways and distinct EV populations,False,True
PXD037608,Mixed/Unsure,False,2022-10-20,Proteomics analysis of plasma-derived exosomes unveils the aberrant complement and coagulation cascades in dermatomyositis/polymyositis,True,True
PXD037483,Mixed/Unsure,False,2022-10-17,Proteomics analysis of plasma-derived exosomes unveils the aberrant complement and coagulation cascades in dermatomyositis/polymyositis,True,True
PXD037266,Cell Line,Not Checked,2022-10-10,Proteomic profile of extracellular vesicles released by breast cancer cells,False,True
PXD036359,Cell Line,Not Checked,2022-08-27,Proteomic profiling of glioblastoma stem cells and their small extracellular vesicles,False,True
PXD035292,MaxQuant (Other),Not Checked,2022-07-13,Artificial Intelligence in proteomic profiling of Cerebrospinal fluid from extraventricular drainage in child Medulloblastoma,False,False
PXD035248,MaxQuant (Other),Not Checked,2022-07-11,Proteomic profiling of extracellular vesicles from cancer-associated fibroblast-induced myeloid-derived suppressor cells and related cell types,False,False
PXD035199,High Priority (Blood),False,2022-07-09,Benchmarking blood collection tubes and processing intervals for extracellular vesicle performance metrics,True,False
PXD034626,Cell Line,Not Checked,2022-06-17,Extracellular vesicles of human diabetic retinopathy retinal tissue and urine of diabetic retinopathy patients analyzed using mass spectrometry,False,True
PXD033889,MaxQuant (Other),Not Checked,2022-05-13,Proteomic profiling of KIT-containing EVs secreted by neoplastic human mast cells (SUB1),False,False
PXD033627,High Priority (Blood),False,2022-05-04,effect of chinese madicine on plasma exosomal proteins in Primary Sjogren's syndrome,True,False
PXD033545,MaxQuant (Other),Not Checked,2022-04-28,Naringenin Suppresses BEAS-2B-derived Exosomal Cargoes Disorder Caused by Cigarette Smoke Extract thereby Inhibiting M1 Macrophage Polarization,False,False
PXD033124,Cell Line,Not Checked,2022-04-08,Proteomics of ectopic endometrial cell-derived exosomes in endometriosis,False,True
PXD032815,Mixed/Unsure,False,2022-03-25,"Using proteomics based on mass spectrometry, to elucidate the mechanism by which aminopeptidase N levels in circulating plasma exosomes regulate lung epithelial cell necrosis in patients with septic induced acute lung injury and mice",True,True
PXD032793,Mixed/Unsure,False,2022-03-24,"Using proteomics based on mass spectrometry, to elucidate the mechanism by which aminopeptidase N levels in circulating plasma exosomes regulate lung epithelial cell necrosis in patients with septic induced acute lung injury and mice",True,True
PXD032767,High Priority (Blood),False,2022-03-23,Characterization of plasma circulating small extracellular vesicles in patients with metastatic solid tumors and newly diagnosed brain metastasis,True,False
PXD031611,MaxQuant (Other),Not Checked,2022-02-11,Depletion of EXOSC2 protects against clinical COVID-19 and impedes SARS-CoV-2 replication,False,False
PXD031404,MaxQuant (Other),Not Checked,2022-02-03,Exosomal OX40L elicits positive T cell co-stimulation and promotes anti-tumor immunity through engagement of cytotoxic T lymphocytes,False,False
PXD031071,Cell Line,Not Checked,2022-01-19,Parallelized multidimensional analytic framework applied to mammalian cells uncovers novel regulatory principles in EMT,False,True
PXD030955,Mixed/Unsure,True,2022-01-14,Characteristics of extracellular vesicles secreted by senescent human vascular smooth muscle cells and its influence on immune cells.,True,True
PXD030883,Mixed/Unsure,True,2022-01-11,Protein composition of circulating exosomes depend on tuberculosis disease state,True,True
PXD030696,Cell Line,Not Checked,2022-01-04,β-catenin-controlled tubular cell-derived exosomes play a key role in fibroblast activation via the OPN-CD44 axis,False,True
PXD030077,MaxQuant (Other),Not Checked,2021-11-30,A comparative proteomics analysis identified differentially expressed proteins in pancreatic cancer–associated stellate cell small extracellular vesicles,False,False
PXD029007,Mixed/Unsure,False,2021-10-08,Plasma-derived Exosome-Like Vesicles (ELVs) of COVID-19 patients expose SARS-CoV-2-Spike-derived fragments and contribute to the adaptive immune response,True,True
PXD028944,High Priority (Blood),True,2021-10-05,Circulating Microvesicles and Exosomes in Small Cell Lung Cancer by Quantitative Proteomics,True,False
PXD028885,High Priority (Blood),True,2021-10-01,Circulating Microvesicles and Exosomes in Small Cell Lung Cancer by Quantitative Proteomics,True,False
PXD028779,Mixed/Unsure,False,2021-09-27,Quantitative proteomic analysis of plasma exosomes to identify the candidate biomarker of Imatinib Resistance in Chronic Myeloid Leukemia patients,True,True
PXD028172,Mixed/Unsure,False,2021-08-27,Proteomics analysis of plasma-derived exosomes extracted by thrombin pre-treated ExoQuick isolation,True,True
PXD027284,Mixed/Unsure,True,2021-07-14,NK-cell derived extracellular vesicles LC-MS/MS,True,True
PXD027221,Cell Line,Not Checked,2021-07-12,Treatment of human K562 chronic myelogenous leukemia cells with NK3.3-derived extracellular vesicles,False,True
PXD027197,Cell Line,Not Checked,2021-07-09,Comparative proteomic profiling of secreted extracellular vesicles from breast fibroadenoma and malignant lesion patients: a pilot study,False,True
PXD026980,Cell Line,Not Checked,2021-06-29,Altered ceramide metabolism is a feature in the extracellular vesicle mediated spread of alpha-synuclein in sporadic and GBA-linked Lewy body disease,False,True
PXD026929,Cell Line,Not Checked,2021-06-25,miR141 Proteomic profile in Ovarian Cancer,False,True
PXD026774,MaxQuant (Other),Not Checked,2021-06-18,Rapid factor depletion highlights intricacies of nucleoplasmic RNA degradation,False,False
PXD026657,MaxQuant (Other),Not Checked,2021-06-11,Target deconvolution of HDAC pharmacopoeia highlights MBLAC2 as common off-target,False,False
PXD026483,Mixed/Unsure,True,2021-06-04,Purification of human plasma exosomes for proteomics: optimization and application to detect changes in response to exercise,True,True
PXD026342,MaxQuant (Other),Not Checked,2021-05-28,Endometrial extracellular vesicle decidualization,False,False
PXD026226,Cell Line,Not Checked,2021-05-24,"RASSF1C oncogene elicits amoeboid invasion, cancer stemness and invasive EVs via a novel SRC/Rho axis",False,True
PXD025980,Cell Line,Not Checked,2021-05-12,Proximity-dependent biotinylation detects association between stress granule associated proteins and SARS coronavirus nonstructural protein 1,False,True
PXD025633,Cell Line,Not Checked,2021-04-26,The The Secretome of Human Neonatal Mesenchymal Stem Cells Modulates Doxorubicin-induced CytotoxicitySecretome of Human Neonatal Mesenchymal Stem Cells Modulates Doxorubicin-induced Cytotoxicity,False,True
PXD025547,MaxQuant (Other),Not Checked,2021-04-22,Proteomic Analysis of Urinary Extracellular Vesicles Reveals a Role for the Complement System in Medullary Sponge Kidney Disease,False,False
PXD025079,Mixed/Unsure,False,2021-03-29,Proteomic analysis of exosomes isolated from human umbilical cord serum by mass spectrometry and preliminary study of their biological activities in cultured hepatocellular carcinoma cell lines,True,True
PXD024760,High Priority (Blood),False,2021-03-16,Human platelet-derived extracellular vesicle proteome,True,False
PXD024556,Cell Line,Not Checked,2021-03-05,PROTEOMIC PROFILE OF MESOTHELIAL EXOSOMES ISOLATED FROM PERITONEAL DIALYSIS EFFLUENT OF CHILDREN WITH FOCAL SEGMENTAL GLOMERULOSCLEROSIS,False,True
PXD024550,MaxQuant (Other),Not Checked,2021-03-05,Characterisation of the pseudokinase SCYL1,False,False
PXD009505,Mixed/Unsure,False,2021-02-26,Use of lymph-circulating extracellular vesicles as surrogates of melanoma progression markers and BRAFV600E mutation.,True,True
PXD024044,MaxQuant (Other),Not Checked,2021-02-08,Exosome proteomics under hypoxia,False,False
PXD023727,Cell Line,Not Checked,2021-01-21,Cell surface processing of CD109 by meprin β leads to the release of soluble fragments and reduced expression on extracellular vesicles,False,True
PXD022851,High Priority (Blood),False,2020-12-01,Extracellular vesicles derived from adult and fetal bone marrow mesenchymal stromal cells differentially promote expansion of hematopoietic stem and progenitor cells,True,False
PXD022501,MaxQuant (Other),Not Checked,2020-11-13,Human trophectoderm extracellular vesicle proteome,False,False
PXD022107,MaxQuant (Other),Not Checked,2020-10-21,The hepatovirus pX protein contains ancient signals for ESCRT-dependent capsid quasi-envelopment,False,False
PXD021856,High Priority (Blood),False,2020-10-06,"Human plasma small extracellular vesicle proteome (disease, non-disease)",True,False
PXD021371,Cell Line,Not Checked,2020-09-09,DCLK1 small extracellular vesicle proteome,False,True
PXD021177,Cell Line,Not Checked,2020-08-28,Characterization of the HLA class I Ligandome from Extracellular vesicles,False,True
PXD021064,Mixed/Unsure,True,2020-08-23,Proteomic Profiling of exosomes in cell culture supernatant of hBMEC infected by E. coli,True,True
PXD021038,High Priority (Blood),False,2020-08-21,Phosphoproteomics identify arachidonic-acid-regulated signal transduction pathways modulating macrophage functions in ovarian cancer,True,False
PXD020984,Mixed/Unsure,False,2020-08-19,SILAC analysis of exosome secretion in response to centrosome amplification,True,True
PXD020948,MaxQuant (Other),Not Checked,2020-08-17,"Comprehensive Proteomic Analysis of Exosomes Derived from Human Bone Marrow-, Adipose Tissue-, and Human Umbilical Cord- Mesenchymal Stem Cells",False,False
PXD020743,Cell Line,Not Checked,2020-08-05,Tubulin Tyrosine Ligase Like 4 (TTLL4) overexpression in breast cancer cells alters exosome biogenesis and promotes brain metastasis,False,True
PXD020467,Mixed/Unsure,False,2020-07-21,"Proteomic approach for searching of universal, tissue-specific and line-specific markers of extracellular vesicles in lung and colorectal adenocarcinoma cell lines:extracellular vesicles only",True,True
PXD020454,Mixed/Unsure,False,2020-07-20,"Proteomic approach for searching of universal, tissue-specific and line-specific markers of extracellular vesicles in lung and colorectal adenocarcinoma cell lines: whole cell lysate vs. extracellular vesicles",True,True
PXD020260,Cell Line,Not Checked,2020-07-08,Quantitative Proteomics Identifies Sytenin-1 as a Universal Biomarker of Exosomes,False,True
PXD019387,High Priority (Blood),False,2020-05-26,Proteomic Profiling of Serum Exosomes from Patients with Metastatic Gastric Cancer,True,False
PXD019283,Cell Line,Not Checked,2020-05-19,Exosomes released by imatinib-resistant K562 cells carry specific membrane markers and increase survival of imatinib-sensitive cells in the presence of imatinib.,False,True
PXD019088,Mixed/Unsure,False,2020-05-11,Plasma exosomal proteomic pattern in Hemophagocyticlymphohistiocytosis of a twin boy,True,True
PXD018537,Cell Line,Not Checked,2020-04-14,Cystic Fibrosis disease Urine exosomes,False,True
PXD018258,MaxQuant (Other),Not Checked,2020-03-30,Proteomic analysis of necroptotic extracellular vesicles,False,False
PXD017273,Cell Line,Not Checked,2020-01-24,"Human and mouse brain, and human cerebrospinal fluid extracellular vesicles LC-MSMS",False,True
PXD016626,Mixed/Unsure,True,2019-12-05,An interactive predictor to reassess the specific protein compositions of HIV-1 and extracellular vesicles,True,True
PXD016488,Cell Line,Not Checked,2019-11-28,Proteomic Profiling of Retinoblastoma-Derived Exosomes reveals potential biomarkers of vitreous seeding,False,True
PXD007988,MaxQuant (Other),Not Checked,2019-10-02,Composition and structure of synaptic ectosomes exporting antigen receptor linked to functional CD40 ligand from helper T cells,False,False
PXD013893,Mixed/Unsure,False,2019-09-20,Sequential phosphoproteomics and N-glycoproteomics of plasma-derived extracellular vesicles,True,True
PXD015479,Cell Line,Not Checked,2019-09-17,LC-MSMS of cell secretome for MAP1LC3B interactors,False,True
PXD015386,Cell Line,Not Checked,2019-09-10,Exosomes from mesenchymal stromal cells reduce murine colonic inflammation via a macrophage-dependent mechanism,False,True
PXD015289,MaxQuant (Other),Not Checked,2019-09-03,Unravelling the proteomic landscape of extracellular vesicles in prostate cancer by density-based fractionation of urine,False,False
PXD015283,High Priority (Blood),False,2019-09-02,A novel and simple strategy to isolate extracellular vesicles from human plasma and tissue culture medium with high yield and purity,True,False
PXD015210,MaxQuant (Other),Not Checked,2019-08-29,Tumour exosomal CEMIP protein promotes cancer cell colonization in brain metastasis,False,False
PXD015081,MaxQuant (Other),Not Checked,2019-08-20,The host exosome biogenesis pathway is essential for human cytomegalovirus virion assembly and egress,False,False
PXD014995,High Priority (Blood),False,2019-08-12,The Function of Ectopic ATP Synthase  in Extracellular Vesicles.,True,False
PXD014711,MaxQuant (Other),Not Checked,2019-07-23,Drug-tolerant cell-derived exosomes regulate proteasome inhibitor resistance pathways in MLL leukemias,False,False
PXD014559,MaxQuant (Other),Not Checked,2019-07-10,Tetraspanin-6 antagonizes the release of exosomes by stimulating the lysosomal degradation of syntenin and syndecan-4,False,False
PXD013419,Cell Line,Not Checked,2019-04-09,Exosomes proteome of human lung cancer cell lines 95C and 95D,False,True
PXD013340,Cell Line,Not Checked,2019-04-02,Impact of increased core fucosylation on the exosome proteome in prostate cancer,False,True
PXD013234,High Priority (Blood),True,2019-03-26,Comparison of proteome composition of serum enriched in extracellular vesicles isolated from polycythemia vera patients and healthy controls,True,False
PXD013219,MaxQuant (Other),Not Checked,2019-03-25,The Flemmingsome reveals an ESCRT-to-membrane coupling required for cytokinesis,False,False
PXD012798,Mixed/Unsure,False,2019-02-20,Variability in exosomal protein cargo of human lung adenocarcinoma cells,True,True
PXD012768,Mixed/Unsure,True,2019-02-18,Effect of MSC and MSC-derived extracellular vesicles on human blood coagulation,True,True
PXD012042,High Priority (Blood),False,2018-12-13,Use of lymph-circulating extracellular vesicles as surrogate markers of melanoma progression and BRAFV600E mutation,True,False
PXD011241,Cell Line,Not Checked,2018-10-01,Exosomes of p53 mutant H1299 cells,False,True
PXD010760,Cell Line,Not Checked,2018-08-13,Exosomal transport of hepatocyte-derived drug-modified proteins to the immune system,False,True
PXD010539,Mixed/Unsure,False,2018-07-24,Data in support of proteomics of EVs ámd mimetic vesicles from,True,True
PXD010467,Cell Line,Not Checked,2018-07-18,Integrative analysis of mesenchymal stromal cell conversion by breast cancer secretomes in blank slate 3D microenvironments,False,True
PXD010379,MaxQuant (Other),Not Checked,2018-07-11,Exosomes and small microvesicles are key regulators of non-cell autonomous intercellular communication in senescence,False,False
PXD009784,Cell Line,Not Checked,2018-05-15,Changes in the urinary extracellular vesicle proteome are associated with nephronophthisis-related ciliopathies,False,True
PXD009490,Mixed/Unsure,False,2018-04-13,Fibrinogen  chain positive circulating exosomes are a colorectal cancer potential biomarker,True,True
PXD008389,MaxQuant (Other),Not Checked,2017-12-07,MUC1(insC) affects vesicular transport in renal epithelial cells,False,False
PXD008035,Mixed/Unsure,True,2017-10-24,Mesenchymal stem cells enhance tumorigenic properties of human glioblastoma cells through independent cell-cell communication mechanisms,True,True
PXD007902,Mixed/Unsure,False,2017-10-04,"Myristic acid induces proteomic and secretomic changes associated with steatosis, cytoskeleton remodeling, endoplasmatic reticulum stress and exosome release in HepG2 cells",True,True
PXD006501,High Priority (Blood),False,2017-09-28,Quantitative proteomic analysis of the human extracellular vesicle proteome reveals a novel mechanism for tissue cross-talk during exercise,True,False
PXD007572,Mixed/Unsure,False,2017-08-28,A pipeline for discovery and verification of glycoproteins from plasma-derived extracellular vesicles as breast cancer biomarkers,True,True
PXD005814,Cell Line,Not Checked,2017-02-09,Systematic Analysis of Cell-Type Differences in the Epithelial Secretome Reveals Insights Into Pathogenesis Of RSV-Induced Lower Respiratory Tract Infections,False,True
PXD005864,Cell Line,Not Checked,2017-02-07,Proteomic analysis of neuroblastoma-derived exosomes LC-MS,False,True
PXD005830,Mixed/Unsure,True,2017-02-01,Proteome Analysis of Non-Small Cell Lung Cancer Cell Line Secretomes and Patient Sputum Reveals Biofluid Biomarker Candidates for Cisplatin Response Prediction,True,True
PXD005479,Cell Line,Not Checked,2016-12-01,Proteomic profiling of NCI-60 extracellular vesicles uncovers common protein cargo and cancer type-specific biomarkers,False,True
PXD005219,MaxQuant (Other),Not Checked,2016-10-25,Longitudinal study of the small urinary extracellular vesicle proteome during living donor kidney transplantation,False,False
PXD005214,Mixed/Unsure,False,2016-10-24,Phosphoproteins in extracellular vehicles as candidate markers for breast cancer,True,True
PXD004779,Cell Line,Not Checked,2016-08-12,Malignant hepatocellular carcinoma cells enrich translation regulatory proteins in exosomes,False,True
PXD004420,High Priority (Blood),True,2016-06-22,Proteome profiling of blood plasma-derived exosomes in chronic lymphocytic leukemia,True,False
PXD003940,Mixed/Unsure,False,2016-04-12,Phosphatase POPX2 exhibits dual regulatory functions in cancer metastasis,True,True
PXD003478,Mixed/Unsure,True,2016-01-18,"Human AML secretome and exosomes and correlation with Anti-Apoptotic Index, part 4",True,True
PXD003298,MaxQuant (Other),Not Checked,2015-12-15,Proteomic Analysis of Urinary Extracellular Vesicles,False,False
PXD002498,MaxQuant (Other),Not Checked,2015-09-25,Quantitative proteomics in osteoblasts-released matrix vesicles,False,False
PXD002703,Cell Line,Not Checked,2015-08-12,Proteomics of Secretomes and Exosomes in Melanoma,False,True
PXD002279,Cell Line,Not Checked,2015-06-01,SLC12A3 isoforms in human urine exosomes,False,True
PXD001856,MaxQuant (Other),Not Checked,2015-03-02,Comprehensive transcriptomic and proteomic characterization of human mesenchymal stem cells reveals source specific cellular markers,False,False
PXD001487,Mixed/Unsure,True,2014-11-13,"Human AML secretome and exosomes and correlation with Anti-Apoptotic Index, part 3",True,True
PXD001430,Mixed/Unsure,False,2014-10-23,Proteomic analysis of urinary exosomes in cystinuria patients,True,True
PXD001339,Cell Line,Not Checked,2014-09-17,Huh-7 exosomes and HBV -  Quantitative Proteomic Analysis of Exosome Protein Content Changes Induced by Hepatitis B Virus in Huh-7 Cells Using SILAC Labeling and LC-MS/MS,False,True
PXD000776,MaxQuant (Other),Not Checked,2014-02-25,Quantitative proteomic analysis of large and small extracellular vesicles from prostate cancer cells,False,False
PXD000695,Cell Line,Not Checked,2014-01-21,In-depth proteomic analyses of ovarian cancer cell line exosomes reveals differential enrichment of functional categories compared to the NCI 60 proteome.,False,True
PXD069253,MaxQuant (Other),Not Checked,2025-10-09,Proteome of extracellular vesicles derived from MCF-10A and MDA-MB-231 cells,False,False
PXD069251,Mixed/Unsure,False,2025-10-09,Small extracellular vesicles secreted by cisplatin-resistant neuroblastoma cells increase lactate secretion and alter metabolic pathways in primary human umbilical vein endothelial cells (HUVECs),True,True
PXD067718,Cell Line,Not Checked,2025-08-26,The formation of the 'footprint of death' as a mechanism for generating large substrate-bound extracellular vesicles that mark the site of cell death,False,True
PXD067612,Mixed/Unsure,False,2025-08-22,Extracellular vesicles derived from induced pluripotent stem cells mediate anti-inflammatory effects in human primary macrophage. Macrophage dataset.,True,True
PXD067567,Cell Line,Not Checked,2025-08-21,Extracellular vesicles derived from induced pluripotent stem cells mediate anti-inflammatory effects in human primary macrophages. iPSC EV Dataset,False,True
PXD067060,MaxQuant (Other),Not Checked,2025-08-07,TDP-43 pathology is associated with divergent protein profiles in ALS brain and spinal cord,False,False
PXD064844,Cell Line,Not Checked,2025-06-10,Comparative mass spectrometry analysis of high centrifugation vs. low centrifugation uEV pellets following THP removal,False,True
PXD064007,Cell Line,Not Checked,2025-05-16,Extracellular vesicle-associated transcriptomic and proteomic biomarkers show in vitro potential for vandetanib treatment monitoring in anaplastic thyroid cancer,False,True
PXD063385,Cell Line,Not Checked,2025-04-28,Clinical investigation on nebulized human umbilical cord MSC-derived extracellular vesicles for pulmonary fibrosis treatment,False,True
PXD061404,Mixed/Unsure,True,2025-03-03,In-Depth Proteomics Reveals Selective EV Protein Sorting and Pathway Perturbation in AML upon Synergistic FLT3 and Hedgehog Pathway Inhibition,True,True
PXD060890,High Priority (Blood),False,2025-02-17,Dysregulated pathways and potential biomarkers in dermatomyositis plasma-derived extracellular vesicles,True,False
PXD060604,Mixed/Unsure,True,2025-02-09,Proteomic analysis of Plasma-derived Extracellular Vesicles reveals different biomarkers for monitoring visceral leishmaniasis progression,True,True
PXD060460,High Priority (Blood),True,2025-02-04,Newly-Diagnosed Rheumatoid Arthritis Patients have Elevated Levels of Plasma Extracellular Vesicles with Protein Cargo Altered Towards Inflammatory Processes,True,False
PXD060122,Cell Line,Not Checked,2025-01-23,Head and neck squamous cell carcinoma-derived small extracellular vesicles mediate Ca²⁺-dependent platelet activation and aggregation through tissue factor,False,True
PXD059934,MaxQuant (Other),Not Checked,2025-01-18,Small Extracellular Vesicles Derived from Human Trabecular Meshwork Stem Cells are distinct from TM Cells in their Proteome Cargo and Function,False,False
PXD058882,MaxQuant (Other),Not Checked,2024-12-16,Gestational age-dependent proteome changes in amniotic fluid extracellular vesicles,False,False
PXD058777,MaxQuant (Other),Not Checked,2024-12-11,Proteomic characterisation of CSF EVs,False,False
PXD058646,MaxQuant (Other),Not Checked,2024-12-06,Bone Marrow Mesenchymal Stromal Cells Support Translation in Refractory Acute Myeloid Leukemia,False,False
PXD058648,MaxQuant (Other),Not Checked,2024-12-06,Bone Marrow Mesenchymal Stromal Cells Support Translation in Refractory Acute Myeloid Leukemia,False,False
PXD058373,High Priority (Blood),True,2024-11-28,A translational protocol for the analysis of plasma-derived extracellular vesicle proteomics,True,False
PXD057348,Cell Line,Not Checked,2024-10-30,Proteomic analysis of extracellular vesicles identifies CDCP1 as critical metastasis-related glycoprotein in lung cancer,False,True
PXD057205,Cell Line,Not Checked,2024-10-25,Mass-spectrometry analysis of secretome and extracellular vesicles derived from lung and colorectal cell lines,False,True
PXD057149,Mixed/Unsure,False,2024-10-24,Mesenchymal Colorectal Cancers Secrete Vesicles With Unique Cargo That Can Be Used For Liquid Biopsy Based Diagnostics,True,True
PXD056996,Cell Line,Not Checked,2024-10-21,Proteomics of Extracellular Vesicles and tissue samples from High-Grade Serous Ovarian Carcinoma,False,True
PXD056371,Mixed/Unsure,False,2024-09-30,Proteomics of human adipose and umbilical cord mesenchymal stem cell-derived extracellular vesicles,True,True
PXD055639,Mixed/Unsure,False,2024-09-06,Colorectal cancer Circulating tumor cells released Extracelluar Vesicles proteome cargo analysis,True,True
PXD054467,MaxQuant (Other),Not Checked,2024-08-01,Metabolic Reprogramming into a Glycolysis Phenotype Induced by Extracellular Vesicles derived from Prostate Cancer Cells,False,False
PXD054459,Cell Line,Not Checked,2024-07-31,"Unraveling the nexus of oxidative stress, ocular diseases, and small extracellular vesicles to identify novel glaucoma biomarkers through in-depth proteomics",False,True
PXD052799,Cell Line,Not Checked,2024-06-03,TGF-β regulates the release of breast cancer cell-derived extracellular vesicles and the sorting of their protein cargo by downregulating RAB27B expression,False,True
PXD052666,Mixed/Unsure,True,2024-05-29,Optimization of the workflow for deep CSF proteome analysis by enrichment of extracellular vesicles,True,True
PXD050720,MaxQuant (Other),Not Checked,2024-03-18,Proteomic Analysis of Urinary Extracellular Vesicles from Patients with ADTKD-HNF1β identifies roles for cilia-related proteins and Serpins,False,False
PXD050479,Mixed/Unsure,True,2024-03-08,Characterisation of Platelet Releasate Proteome in Relapsing-Remitting Multiple Sclerosis Reveals Dysregulation of Inflammatory Signalling and Extracellular Vesicle Dynamics,True,True
PXD050337,Mixed/Unsure,False,2024-03-04,Glycolysis in hepatic stellate cells coordinates fibrogenic extracellular vesicle release spatially to amplify liver fibrosis,True,True
PXD050095,Cell Line,Not Checked,2024-02-23,Functional Effects of Extracellular Vesicles Altered by a Per- and Polyfluoroalkyl Substance Mixture: Liver Cell Proteomic Expression Alterations,False,True
PXD050024,Cell Line,Not Checked,2024-02-22,Do extracellular vesicles have specific target cells? Extracellular Vesicle mediated embryo maternal communication,False,True
PXD049116,High Priority (Blood),False,2024-02-02,Cancer-associated fibroblasts produce matrix-bound vesicles that influence endothelial cell function (part 6: Mammary Fibroblasts Proteome),True,False
PXD048815,Cell Line,Not Checked,2024-01-24,Proteomics analyses of small extracellular vesicles of aqueous humor: identification and validation of GAS6 and SPP1 as glaucoma markers during cataracts surgery,False,True
PXD048789,Cell Line,Not Checked,2024-01-23,Effect of 2D and 3D cell culture system on trophoblast extracellular vesicles physio-chemical characteristics and potency,False,True
PXD048511,Mixed/Unsure,False,2024-01-12,Proteomic analysis of serum small extracellular vesicles identifies diagnostic biomarkers for neuroblastoma,True,True
PXD048074,Mixed/Unsure,True,2023-12-22,Surface Proteome of Extracellular Vesicles and Correlation Analysis for Identification of Breast Cancer Biomarkers,True,True
PXD047857,Mixed/Unsure,True,2023-12-15,NEAT PLASMA PROTEOMICS: GETTING THE BEST OUT OF THE WORST,True,True
PXD047323,Cell Line,Not Checked,2023-11-28,Proteomic analysis of human platelet-derived extracellular vesicles generated via activation by different receptors,False,True
PXD047285,Mixed/Unsure,True,2023-11-27,Multiple myeloma derived extracellular vesicle uptake by monocyte cells stimulates secretion of IL-6 and MMP9 and promotes cancer cell migration and proliferation.,True,True
PXD047171,Cell Line,Not Checked,2023-11-22,Proteomic analysis of small extracellular vesicles derived from human iPSC,False,True
PXD047128,Cell Line,Not Checked,2023-11-21,Neat urine proteome during menstrual cycle,False,True
PXD047127,Cell Line,Not Checked,2023-11-21,Urine Extracellular Vesicles as a Non-Invasive Implantation Window Monitoring Method,False,True
PXD046906,Cell Line,Not Checked,2023-11-13,Trypanosoma cruzi interaction with host tissues modulate the composition of large extracellular vesicles,False,True
PXD046421,MaxQuant (Other),Not Checked,2023-10-26,Second-Hand Melanoma Melanosomes Regulate Diversity Among Tumor-Associated Macrophages,False,False
PXD046058,Mixed/Unsure,True,2023-10-11,Protein profiling of plasma extracellular vesicles from rheumatoid arthritis patients.,True,True
PXD045982,High Priority (Blood),False,2023-10-09,Proteomic profiling of cerebrospinal fluid for development of biomarker in medulloblastoma,True,False
PXD045471,MaxQuant (Other),Not Checked,2023-09-18,Human breast adipose tissue extracellular vesicles,False,False
PXD044784,MaxQuant (Other),Not Checked,2023-08-23,Comprehensive proteomic analysis of JC polyomavirus-infected human astrocytes and their extracellular vesicles,False,False
PXD044594,Mixed/Unsure,True,2023-08-15,Differential regulation of metabolome and proteome of plasma and CM EVs in HC,True,True
PXD044115,Mixed/Unsure,True,2023-07-26,Engineered immunomodulatory extracellular vesicles derived from epithelial cells acquire capacity for positive and negative T cell co-stimulation in cancer and autoimmunity.,True,True
PXD044045,Cell Line,Not Checked,2023-07-24,Proteomic characterization of extracellular vesicles (EVs) released by primary human vascular smooth muscle cells (VSMCs) under calcification stress,False,True
PXD043796,MaxQuant (Other),Not Checked,2023-07-14,Analysis of small EV proteomes reveals unique functional protein networks regulated by VAP-A,False,False
PXD043335,High Priority (Blood),False,2023-06-27,Osteogenic human MSC-derived extracellular vesicles regulate MSC activity and osteogenic differentiation and promote bone regeneration in a rat calvarial defect model,True,False
PXD042510,Mixed/Unsure,True,2023-05-26,Ergolide Mediates Anti-Cancer Effects on Metastatic Uveal Extra Cellular Vesicles: Melanoma Cells and Modulates  their Cell Lysate and Extracellular Vesicle proteomes.,True,True
PXD042498,Cell Line,Not Checked,2023-05-25,Total Proteome: Ergolide Mediates Anti-Cancer Effects on Metastatic Uveal Melanoma Cells and Modulates their Cell Lysate and Extracellular Vesicle proteomes.,False,True
PXD042168,Cell Line,Not Checked,2023-05-12,Epigenetic Impairment of tumor potential of AML-derived extracellular vesicles,False,True
PXD041751,MaxQuant (Other),Not Checked,2023-04-23,Mass spectrometry analysis of extracellular vesicles from malignant ascites in ovarian cancer patients,False,False
PXD040516,Cell Line,Not Checked,2023-03-01,Small Extracellular Vesicles derived from four dimensional-culture of mesenchymal stem cells induce alternatively activated macrophages by upregulating IGFBP2/EGFR to attenuate inflammation in the spinal cord injury of rats,False,True
PXD040311,Cell Line,Not Checked,2023-02-21,SECRETORY PROTEOMIC RESPONSES OF ENDOMETRIAL EPITHELIAL CELLS TO TROPHOBLAST DERIVED  EXTRACELLULAR VESICLES,False,True
PXD039845,MaxQuant (Other),Not Checked,2023-02-03,Proteomics analysis of extracellular vesicles purified by heparin chromatography.,False,False
PXD039764,Cell Line,Not Checked,2023-02-01,The Extracellular Vesicles Proteome of Endometrial Cells Simulating the Receptive Menstrual Phase Differs from That of Endometrial Cells Simulating the Non-Receptive Menstrual Phase,False,True
PXD039569,Cell Line,Not Checked,2023-01-20,Herpes simplex virus type 1 modifies the protein composition of extracellular vesicles to promote neurite outgrowth and facilitate neuroinfection,False,True
PXD039422,Cell Line,Not Checked,2023-01-13,Effect of cryopreservation of lysate/tissue on EOC tissue-derived EVs,False,True
PXD039166,Mixed/Unsure,False,2023-01-03,Proteomic profiling of Extracellular Vesicles in synovial fluid and plasma from Oligoarticular Juvenile Idiopathic Arthritis patients reveals novel immunopathogenic biomarkers,True,True
PXD038856,MaxQuant (Other),Not Checked,2022-12-15,Functional nanovesicles from human trophectodermal cells for embryo implantation,False,False
PXD038674,MaxQuant (Other),Not Checked,2022-12-07,Tumor-educated platelet extracellular vesicles: proteomic profiling,False,False
PXD038667,MaxQuant (Other),Not Checked,2022-12-07,"Extracellular vesicles of the Gram-positive gut symbiont Bifidobacterium longum induce immune-modulatory, anti-inflammatory effects",False,False
PXD037809,Cell Line,Not Checked,2022-11-23,Adipocyte-derived extracellular vesicles increase insulin secretion through transport of insulinotropic protein cargo,False,True
PXD037751,Cell Line,Not Checked,2022-10-27,An Optimized Suspension Trapping (S-Trap) Method for Phosphoproteomics Sample Preparation,False,True
PXD037453,Cell Line,Not Checked,2022-10-14,Tracking matricellular protein SPARC in extracellular vesicles as a non-destructive method to evaluate lipid-based antifibrotic treatments,False,True
PXD037166,Mixed/Unsure,True,2022-10-03,Cells responding to bacterial pore-forming toxins release extracellular vesicles displaying similar proteomic content,True,True
PXD036973,MaxQuant (Other),Not Checked,2022-09-25,"Sialylation of vesicular integrin β1 of bladder cancer cells promotes its binding to fibronectin, and endocytic entry of small extracellular vesicles into recipient epithelial cells",False,False
PXD036932,Mixed/Unsure,False,2022-09-22,Stromal cells support the survival of human primary chronic lymphocytic leukemia (CLL) cells,True,True
PXD036472,High Priority (Blood),False,2022-09-02,Proteomic profiling of urinary small extracellular vesicles deciphers the molecular signature of children with viral pneumonia：a pilot study,True,False
PXD035977,Mixed/Unsure,False,2022-08-11,Proteomic profiling of subsets of human primary NK cell-derived extracellular vesicles by LC-MS/MS,True,True
PXD035884,High Priority (Blood),True,2022-08-08,Unbiased undepleted malignant pleural effusion proteomics study,True,False
PXD035679,High Priority (Blood),False,2022-08-01,Syndecan-4 is a maestro of gastric cancer cell invasion and communication that underscores poor survival,True,False
PXD035494,MaxQuant (Other),Not Checked,2022-07-21,PROTEOMIC ANALYSIS OF URINARY EXTRACELLULAR VESICLES OF KIDNEY TRANSPLANT RECIPIENTS WITH BKV VIRURIA AND VIREMIA.,False,False
PXD035244,Cell Line,Not Checked,2022-07-11,Small Extracellular Vesicles from Hypoxic Triple-Negative Breast Cancer Cells induce Oxygen-dependent Cell Invasion,False,True
PXD034603,Mixed/Unsure,False,2022-06-16,Proteomic profiling of subsets of NK cell-derived extracellular vesicles by LC-MS/MS,True,True
PXD034573,High Priority (Blood),False,2022-06-16,Cancer-associated fibroblasts produce matrix-bound vesicles that influence endothelial cell function (part 5: pCAF1 proteome),True,False
PXD034519,High Priority (Blood),False,2022-06-14,Cancer-associated fibroblasts produce matrix-bound vesicles that influence endothelial cell function (part 4: Proteomic analysis of pCAFs expressing high and low α-SMA protein levels),True,False
PXD034467,High Priority (Blood),False,2022-06-10,Cancer-associated fibroblasts produce matrix-bound vesicles that influence endothelial cell function (part 3: Proteomic analysis of CM-EVs and MBVs secreted by pCAFs),True,False
PXD034460,High Priority (Blood),False,2022-06-10,Cancer-associated fibroblasts produce matrix-bound vesicles that influence endothelial cell function (part 2: THP-1 proteome ),True,False
PXD034369,High Priority (Blood),True,2022-06-06,Isolation and Characterisation of EVs from Feline Plasma: A Comparative Analysis with Human Plasma Derived EVs,True,False
PXD033898,High Priority (Blood),False,2022-05-16,Proteomic profiling of extracellular vesicles suggests Collectin10 as potential biomarker in relapsing head and neck squamous cell carcinoma,True,False
PXD033253,MaxQuant (Other),Not Checked,2022-04-14,CRISPR-Cas9 Editing of TLR4 Improves the Outcome of Cardiac Cell Therapy,False,False
PXD033117,High Priority (Blood),False,2022-04-08,Effect of Sample Transportation on the Proteome of Human Circulating Blood Extracellular Vesicles,True,False
PXD033002,Cell Line,Not Checked,2022-04-06,TLR4 activation primes human macrophages for non-canonical caspase-4 inflammasome-induced extracellular vesicle secretion,False,True
PXD032394,High Priority (Blood),True,2022-03-18,Comparison of performances of automatic versus manual liquid handling in density-based separation of extracellular vesicles from plasma and urine,True,False
PXD032334,Cell Line,Not Checked,2022-03-16,Proteomic characterization of SEC-fractionated sEV subpopulations,False,True
PXD032224,MaxQuant (Other),Not Checked,2022-03-11,Increased microtubule growth is required for extracellular vesicle mediated HER2 paracrine signaling to promote melanoma cancer cell invasion,False,False
PXD032012,High Priority (Blood),False,2022-03-02,Malaria-infected cells release distinct vesicle subsets featuring markers of different destinations,True,False
PXD031729,Cell Line,Not Checked,2022-02-17,"Proteomic analysis of small extracellular vesicles (sEVs) derived from primary keratinocytes cultured in different calcium concentrations, treated with a peanut allergen extract and atopic dermatitis (AD)-relevant cytokines",False,True
PXD031527,Mixed/Unsure,False,2022-02-09,Autophagy cargo receptors are secreted via extracellular vesicles and particles in response to endolysosomal inhibition or impaired autophagosome maturation,True,True
PXD031077,MaxQuant (Other),Not Checked,2022-01-19,Invadopodia small extracellular vesicles glioblastoma,False,False
PXD030779,Cell Line,Not Checked,2022-01-06,Cardiac progenitor cell-derived extracellular vesicles promote angiogenesis through associated- and co-isolated proteins including PAPP-A,False,True
PXD030640,Cell Line,Not Checked,2021-12-24,Proteomic analysis of human Sertoli cells-derived extracellular vesicles,False,True
PXD030478,MaxQuant (Other),Not Checked,2021-12-17,Heterotopic ossification vs. fracture healing,False,False
PXD030424,Mixed/Unsure,False,2021-12-15,Phosphoproteomic analysis of breast cancer-derived extracellular vesicles reveals disease-specific phosphorylated enzymes,True,True
PXD029766,Cell Line,Not Checked,2021-11-16,Mesenchymal stem cell-derived extracellular vesicles,False,True
PXD029591,Cell Line,Not Checked,2021-11-05,Intact extracellular vesicle cross-linking on vesicles derived from  MDA-MB-231 and LM2 cells,False,True
PXD029441,MaxQuant (Other),Not Checked,2021-10-29,Role of EVs in inflammation propagation and oxidative stress during vascular calcification,False,False
PXD029015,High Priority (Blood),False,2021-10-08,Human serum extracellular vesicle proteomic profile depends on the enrichment method employed,True,False
PXD028515,Mixed/Unsure,True,2021-09-16,Identification of plasma extracellular vesicle biomarkers after burn injury,True,True
PXD028438,MaxQuant (Other),Not Checked,2021-09-09,Extracellular vesicles are crucial mediators in orchestrating brain development and disease,False,False
PXD027980,Cell Line,Not Checked,2021-08-17,Proteomics analysis of extracellular vesicles,False,True
PXD027948,Cell Line,Not Checked,2021-08-16,SILAC Strategy for Analysis of Proteins Released To the Extracellular Medium and Penetrated,False,True
PXD027642,MaxQuant (Other),Not Checked,2021-07-29,human embryo proteome reprogramming by endometrial extracellular vesicles,False,False
PXD027581,Cell Line,Not Checked,2021-07-27,Neuroprotective properties of Mesenchymal Stromal Cell–Derived Extracellular Vesicles in Models of Acute Brain Pathology,False,True
PXD027240,MaxQuant (Other),Not Checked,2021-07-12,"proteomic profiling of small extracellular vesicles (EVs), released by chronic myeloid leukemia cells K562",False,False
PXD027142,MaxQuant (Other),Not Checked,2021-07-07,Renal cell-derived extracellular vesicles as a modulator of tubuloid functional maturation,False,False
PXD026974,MaxQuant (Other),Not Checked,2021-06-28,Optimization of small extracellular vesicle isolation from expressed prostatic secretions in urine for in-depth proteomic analysis,False,False
PXD026658,Cell Line,Not Checked,2021-06-11,Surface proteome of large extracellular vesicles,False,True
PXD026491,MaxQuant (Other),Not Checked,2021-06-04,Proteome Profiling of Cerebrospinal Fluid reveals novel biomarker candidates for Parkinson’s disease,False,False
PXD026340,High Priority (Blood),True,2021-05-28,Modulation of Early Neutrophil Granulation: The Circulating Tumor Cell-Extravesicular Connection in Pancreatic Ductal  Adenocarcinoma,True,False
PXD025590,Cell Line,Not Checked,2021-04-23,Proteome characterization of BALF extracellular vesicles in Idiopathic Pulmonary Fibrosis: unveiling undercover molecular pathways.,False,True
PXD025522,Mixed/Unsure,False,2021-04-21,Patient-derived extracellular vesicles drive cancer stemness and tumorigenesis in hepatocellular carcinoma via polymeric immunoglobulin receptor,True,True
PXD025408,High Priority (Blood),False,2021-04-15,Tear proteomics reveals the molecular basis of the efficacy of human recombinant nerve growth factor treatment for Neurotrophic Keratopathy,True,False
PXD024733,Mixed/Unsure,False,2021-03-15,culture media formulations on extracellular vesicle production by amniotic epithelial cells,True,True
PXD024324,MaxQuant (Other),Not Checked,2021-02-23,A  urine storage protocol that is feasible with at home self-sampling for extracellular vesicle proteomics,False,False
PXD024276,Cell Line,Not Checked,2021-02-22,Trastuzumab modulates the protein cargo of extracellular vesicles released by ERBB2+ breast cancer cells,False,True
PXD024216,High Priority (Blood),True,2021-02-17,Shotgun-based Proteomics of Extracellular Vesicles in Alzheimer’s Disease Reveals Biomarkers Involved in Immunological and Coagulation Pathways,True,False
PXD023988,MaxQuant (Other),Not Checked,2021-02-04,PANNEXIN-1 CHANNEL REGULATES NUCLEAR CONTENT PACKAGING INTO APOPTOTIC BODIES AND THEIR SIZE,False,False
PXD023505,Cell Line,Not Checked,2021-01-21,Proteomics Profiling of Breast Cell Line-derived Extracellular Vesicles,False,True
PXD023165,Mixed/Unsure,False,2020-12-16,"CD9, a key mediator of pancreatic cancer cell aggressiveness driven by CAFs-derived extracellular vesicles",True,True
PXD022983,MaxQuant (Other),Not Checked,2020-12-08,Longitudinal landscape of urinary EV proteome reveals stable protein expression patterns within and between individuals,False,False
PXD023001,High Priority (Blood),False,2020-12-08,Assessing the biomolecular landscape and dynamics of systemically circulating lipid-carrying particles,True,False
PXD022843,High Priority (Blood),False,2020-12-01,TMT-based proteomics and phosphoproteomics analysis of proteome changes in seminal plasma extracellular vesicles of azoospermia,True,False
PXD021988,Mixed/Unsure,False,2020-10-15,"Human, bronchoalveolar lavage, extracellular vesicles",True,True
PXD021926,Cell Line,Not Checked,2020-10-12,A novel enzyme-mediated method for covalent surface modification of extracellular vesicles to achieve targeted drug delivery,False,True
PXD021511,Mixed/Unsure,False,2020-09-16,Small extracellular vesicles-delivered LSD1 promotes gastric cancer cell stemness,True,True
PXD021344,MaxQuant (Other),Not Checked,2020-09-07,The proteomic landscape of small urinary extracellular vesicles during kidney transplantation,False,False
PXD021192,High Priority (Blood),False,2020-08-28,Proteomic profiling of two distinct populations of extracellular vesicles isolated from human seminal plasma indicates their biogenesis by prostate epithelial cells and potential as biomarker for prostate cancer,True,False
PXD020975,MaxQuant (Other),Not Checked,2020-08-18,Small extracellular vesicles in human uterine fluid,False,False
PXD020629,High Priority (Blood),True,2020-07-29,Distinct features of plasma extracellular vesicles in amyotrophic lateral sclerosis patients,True,False
PXD020219,Mixed/Unsure,True,2020-07-06,Proteomic analysis of extracellular vesicles and conditioned medium from human Adipose-derived Stem/Stromal Cells and Dermal Fibroblasts,True,True
PXD020223,Mixed/Unsure,True,2020-07-06,Small extracellular vesicles-delivered LSD1 promotes gastric cancer cell stemness,True,True
PXD019566,High Priority (Blood),True,2020-06-04,Nidogen 1-enriched extracellular vesicles facilitate extrahepatic metastasis of liver cancer by activating pulmonary lung fibroblasts to secrete tumor necrosis factor  receptor 1,True,False
PXD019216,MaxQuant (Other),Not Checked,2020-05-15,Reductionist approach using primary and metastatic cell-derived extracellular vesicles prospect proteins associated with oral cancer prognosis,False,False
PXD019074,Cell Line,Not Checked,2020-05-11,Jurkat extracellular vesicle fractionation profiling,False,True
PXD018655,Cell Line,Not Checked,2020-04-22,Proteomic analysis of small extracellular vesicles derived from human ESCs,False,True
PXD018154,High Priority (Blood),False,2020-03-23,20S proteasomes exported by malaria parasite promote its growth,True,False
PXD017542,MaxQuant (Other),Not Checked,2020-02-17,"Production and application of recombinant extracellular vesicles for method development, data normalization and assessment of pre-analytical variables",False,False
PXD017172,High Priority (Blood),False,2020-01-17,Identification of osteolineage cell-derived extracellular vesicle cargo implicated in hematopoietic support,True,False
PXD015145,MaxQuant (Other),Not Checked,2019-08-23,PROTEOMIC ANALYSIS OF EXTRACELLULAR VESICLES FROM RHEUMATOID ARTHRITIS SYNOVIAL FLUID,False,False
PXD014572,Cell Line,Not Checked,2019-07-11,Extracellular vesicles from therapeutic grade allogeneic human placental stromal cells induce angiogenesis and modulate immunity,False,True
PXD014579,Cell Line,Not Checked,2019-07-11,Cell-derived extracellular vesicles can be used as a biomarker reservoir for glioblastoma tumor subtyping,False,True
PXD013980,Cell Line,Not Checked,2019-05-23,SILAC-Based Quantification of TGFBR2-Dependent Protein Expression in Extracellular Vesicles of Microsatellite Unstable Colorectal Cancers,False,True
PXD012321,MaxQuant (Other),Not Checked,2019-01-14,Proteomics of extracellular vesicle after SDCBP knockout,False,False
PXD012162,MaxQuant (Other),Not Checked,2018-12-21,Proteomic profiling of breast cancer-derived extracellular vesicles,False,False
PXD011611,Cell Line,Not Checked,2018-11-07,Lipopolysaccharide-regulated secretion of soluble and vesicle-based colorectal cancer cell proteins,False,True
PXD010269,Cell Line,Not Checked,2018-06-29,Recombinant extracellular vesicles as a biological reference material,False,True
PXD009356,High Priority (Blood),False,2018-03-28,Comparative platelet releasate proteome profiling of acute coronary syndrome versus stable coronary artery disease,True,False
PXD006539,Mixed/Unsure,False,2017-05-18,Hypoxia-induced proteomic remodeling of human mammary cancer associated fibroblast - siRNA NCBP2-AS2,True,True
PXD006541,Cell Line,Not Checked,2017-05-18,LC-MSMS of cell secretome for MAP1LC3B interactors,False,True
PXD006535,Mixed/Unsure,False,2017-05-17,Hypoxia-induced proteomic remodeling of human mammary cancer associated fibroblast,True,True
PXD005083,Cell Line,Not Checked,2017-01-19,Proteomic and bioinformatic characterization of proteins secreted conventionally and unconventionally from human primary macrophages upon LPS transfection,False,True
PXD035422,High Priority (Blood),True,2022-07-20,Data in support of Temporal changes of inflammation and endothelial dysfunction in multiple sclerosis related to the evolution of enhancing lesions on frequent brain MRI,True,False
PXD034221,Mixed/Unsure,False,2022-05-30,Serum proteomics profiling identifies a signature  for lung cancer early diagnosis,True,True
PXD030390,MaxQuant (Other),Not Checked,2021-12-14,Proteomic Signature for Detection of High Grade Ovarian Cancer in germline BRCA mutation carriers,False,False
PXD017056,Mixed/Unsure,True,2020-01-10,VESICULATION OF RED BLOOD CELLS IN THE BLOOD BANK: A MULTI-OMICS APPROACH TOWARDS IDENTIFICATION OF CAUSES AND CONSEQUENCES,True,True
PXD016479,Cell Line,Not Checked,2019-11-27,Cytokine-induced GBP1 release from human ovarian cancer cells,False,True
PXD009655,High Priority (Blood),False,2018-10-18,Microvesicle Proteomic profiling of Uterine Liquid Biopsy for Ovarian Cancer Early Detection,True,False
PXD001192,Mixed/Unsure,False,2014-08-01,Regulation of microtubules by DIAPH3 loss influences amoeboid tumor cell sensitivity to taxanes,True,True
PXD068982,High Priority (Blood),True,2025-09-30,Advancing Plasma Proteomics for the Discovery of Ovarian Cancer Biomarkers ,True,False
PXD056710,High Priority (Blood),False,2024-10-11,Human plasma proteomics analysis of PAD patients and Healthy control,True,False
PXD055973,High Priority (Blood),False,2024-09-18,Human plasma proteome immune response to COVID-19,True,False
PXD051013,High Priority (Blood),False,2024-03-27,"Lipid class-specific kinetics of plasma fatty acids, oxylipins, endocannabinoids, lysophospholipids and bile acids upon a lipopolysaccharide challenge of healthy humans and their modulation by anti-oxidative supplements",True,False
PXD046731,Mixed/Unsure,False,2023-11-07,Integrative Multianalytical Model Based on Novel Plasma Protein Biomarkers for Distinguishing Lung Adenocarcinoma and Benign Pulmonary Nodules,True,True
PXD043033,High Priority (Blood),False,2023-06-15,Infected erythrocytes and plasma proteomics reveal a specific protein signature of severe malaria ,True,False
PXD042503,High Priority (Blood),False,2023-05-25,Infected erythrocytes and plasma proteomics reveal a specific protein signature of severe malaria.,True,False
PXD040526,High Priority (Blood),False,2023-03-01,Longitudinal plasma profiling on AML patients,True,False
PXD036969,High Priority (Blood),False,2022-09-25,Multi-omics provide evidence for an anti-inflammatory immune signature and metabolic alterations in patients with Long COVID Syndrome – an exploratory study (plasma),True,False
PXD036491,High Priority (Blood),True,2022-09-02,"Proteomic analysis identifies a signature of disease severity in the plasma of COVID-19 pneumonia patients associated to neutrophil, platelet and complement activation",True,False
PXD035120,Mixed/Unsure,False,2022-07-06,Plasma proteomics enable differentiation of lung adenocarcinoma from chronic obstructive pulmonary disease (COPD),True,True
PXD033493,High Priority (Blood),False,2022-04-28,The plasma proteome is favorably modified by a high protein diet but not by additional resistance training in older adults - a 17-week randomized controlled trial,True,False
PXD032932,High Priority (Blood),False,2022-04-02,A TMT- based comparative quantitative proteomics analysis was used to reveal the changes of plasma proteomics profiles between longevity subjects and non-longevity area participants  in order to identify plasma proteins associated with glucose metabolism in longevity population,True,False
PXD031278,High Priority (Blood),False,2022-01-26,Thrombo-Inflammation in Preeclampsia and Pregnancy Induced Hypertension: Proteomics And Metabolomics Profiling of Platelets and Plasma Mediators,True,False
PXD030775,Mixed/Unsure,False,2022-01-06,Exploring post-genomic biomarker signatures based on pathomechanisms of ulcerative colitis,True,True
PXD029473,High Priority (Blood),False,2021-11-01,Role of plasma proteomics in predicting the prognosis of older men with chronic coronary syndrome,True,False
PXD022469,High Priority (Blood),False,2020-11-11,Proteome-wide evaluation of plasma depletion methods vis-à-vis fractionation techniques,True,False
PXD022296,High Priority (Blood),False,2020-11-02,Mass-spectrometry based plasma proteomics identifies biomarkers for the detection of COVID-19 progression,True,False
PXD021677,High Priority (Blood),True,2020-09-25,"Clinical proteomics data contains uniquely identifiable, personally sensitive and incidental findings",True,False
PXD019817,High Priority (Blood),True,2020-06-16,Plasma proteome changes during the first week of human life in two independent cohorts,True,False
PXD019284,Mixed/Unsure,True,2020-05-19,Subclinical effects of remote ischaemic conditioning in human kidney transplants revealed by quantitative proteomics,True,True
PXD016199,High Priority (Blood),False,2019-11-08,Age-Dependent Changes in the Plasma Proteome of Healthy Adults,True,False
PXD013231,High Priority (Blood),False,2019-04-03,"Analysis of 1,508 plasma samples of the DiOGenes study - Robust, single shot capillary flow data-independent acquisition to decipher proteomic profiles of weight loss and maintenance",True,False
PXD011797,Mixed/Unsure,False,2018-11-22,Global Enrichment of Low-Abundance Peptide Hormones in Plasma for Discovery and Quantitation,True,True
PXD010393,High Priority (Blood),False,2018-07-12,"A novel LC system embeds analytes in pre-formed gradients for rapid, ultra-robust proteomics",True,False
PXD007657,High Priority (Blood),False,2017-09-05,Multi-omics biomarker pipeline reveals elevated levels of protein-glutamine gamma-glutamyltransferase 4 in seminal plasma of prostate cancer patients,True,False
PXD004182,High Priority (Blood),False,2016-10-14,HCD fragmentation of glycated peptides,True,False
PXD000959,High Priority (Blood),False,2014-05-08,N-linked glycoproteome of human seminal plasma,True,False
PXD063043,Mixed/Unsure,True,2025-04-16,High-throughput plasma/serum proteomics by coupling nanoparticle protein corona-based sample preparation and capillary zone electrophoresis-tandem mass spectrometry,True,True
PXD046387,High Priority (Blood),False,2023-10-25,Longitudinal serum proteomics of mother-infant dyads with HLA-conferred type 1 diabetes risk,True,False
PXD033989,High Priority (Blood),True,2022-05-19,Serum Proteomics of Severe Fever with Thrombocytopenia Syndrome Patients,True,False
PXD033203,Mixed/Unsure,False,2022-04-13,Solar exposed skin induces sex-dependent food-seeking behavior,True,True
PXD029710,Mixed/Unsure,False,2021-11-12,Nanodiamond Solid Phase Extraction and Triton X-114 Cloud Point Separation for Robust Fractionation and Shotgun Proteomics Analysis of Human Serum Proteome,True,True
PXD022886,High Priority (Blood),False,2020-12-03,Serum proteomics of sng- and pain-trend fibromyalgia patients,True,False
PXD019945,High Priority (Blood),True,2020-07-02,Identification of candidate circulating glucocorticoid response biomarkers in humans using a proteomic approach,True,False
PXD015360,Mixed/Unsure,False,2019-09-09,Comparative glycoproteomic profiling of human body fluid between healthy controls and patients with papillary thyroid carcinoma,True,True
PXD010528,High Priority (Blood),False,2018-07-23,Data in support of serum proteomics of Laparoscopic Gastric Plication,True,False
PXD010149,High Priority (Blood),False,2018-06-18,Dataset in support of patients on clinical suspicion of infective endocarditis included in a study searching for novel putative biomarkers,True,False
PXD008278,High Priority (Blood),False,2017-11-23,Serum proteomics of Premature Carotid atherosclerosis: The Cardiovascular Risk in Young Finns Study,True,False
PXD008163,High Priority (Blood),False,2017-11-08,Depleted Prefractionated Human Plasma for Data Independent Acquisition Spectral Library,True,False
PXD001171,High Priority (Blood),False,2014-07-24,Human Serum LC-MS/MS -  LC-MS/MS-based serum proteomics for identification of candidate biomarkers for hepatocellular carcinoma,True,False
